Feature,Importance
Bilirubin,1.1924000332554447
Stage_2.0,1.057310270274951
Edema_N,1.0
Stage_4.0,0.7713849714377558
Stage_nan,-0.48866229593130583
Prothrombin,0.3863135845544795
Sex,-0.34718468595054464
Edema_S,-0.3380887560646775
Stage_3.0,-0.3219769403362367
Edema_Y,-0.28272267550644653
Age,0.20249463439835466
Albumin,-0.034349980939496594
Platelets,0.011654069897847563
Stage_1.0,0.007250382351459361
